id,chr,start,end,strand,gene_ids,gene_names,3_prime_utr_variant,nmd_transcript_variant,intron_variant,missense_variant,non_coding_transcript_exon_variant,non_coding_transcript_variant
rs28473566,chr2,43785067,43785067,+,ENSG00000138036,DYNC2LI1,0,3,9,0,0,1
rs1047891,chr2,210675783,210675783,+,ENSG00000021826,CPS1,1,1,0,7,4,0
rs11887534,chr2,43839108,43839108,+,ENSG00000143921,ABCG8,0,0,4,4,0,2
rs1201467,chr6,104985119,104985119,+,ENSG00000187772,LIN28B,0,0,9,0,0,0
rs2288153,chr7,6421903,6421903,+,ENSG00000164535,DAGLB,0,2,8,0,2,0
rs146652454,chr7,495761,495761,+,ENSG00000234471,ENSG00000234471,0,0,2,0,0,2
rs1293297,chr8,11853964,11853964,+,ENSG00000164733,CTSB,0,3,53,0,0,2
rs686030,chr9,15304784,15304784,+,ENSG00000155158,TTC39B,0,0,5,0,0,1
rs10900221,chr10,45493149,45493149,+,ENSG00000165406,MARCHF8,0,0,5,0,0,1
rs2393969,chr10,63380680,63380680,+,ENSG00000171988,JMJD1C,0,0,2,0,0,1
rs2727270,chr11,61835765,61835765,+,ENSG00000134824,FADS2,0,0,6,0,0,0
rs72931779,chr11,69987474,69987474,+,"ENSG00000131620,ENSG00000255191","ANO1,ENSG00000255191",0,0,4,0,0,2
rs3862794,chr11,72827555,72827555,+,ENSG00000168010,ATG16L2,0,2,10,0,0,2
rs2393776,chr12,120986603,120986603,+,ENSG00000135100,HNF1A,0,15,39,0,0,9
rs41276920,chr15,89804689,89804689,+,ENSG00000166825,ANPEP,0,2,10,0,2,0
rs150844304,chr15,43434427,43434427,+,ENSG00000067369,TP53BP1,0,4,16,0,0,2
rs11644920,chr16,11551157,11551157,+,ENSG00000189067,LITAF,0,2,14,0,0,0
rs17138478,chr17,37713312,37713312,+,ENSG00000275410,HNF1B,0,0,8,0,0,0
rs1801689,chr17,66214462,66214462,+,ENSG00000091583,APOH,0,0,2,2,0,0
rs11543269,chr18,57646765,57646765,+,"ENSG00000081923,ENSG00000267040,ENSG00000267787","ATP8B1,ATP8B1-AS1,ENSG00000267787",4,2,4,0,0,4
rs212099,chr19,47885745,47885745,+,ENSG00000105398,SULT2A1,0,0,1,0,0,0
rs2733737,chr19,35554501,35554501,+,ENSG00000105675,ATP4A,0,3,9,0,0,3
rs1800961,chr20,44413724,44413724,+,ENSG00000101076,HNF4A,1,1,0,10,2,0
rs4814175,chr20,12978446,12978446,+,ENSG00000234265,LINC01723,0,0,27,0,0,27
rs41281265,chr22,40324700,40324700,+,ENSG00000100354,TNRC6B,6,0,0,0,0,0
